symbol,title,description
MSFT,MSFT Stock Chart and Price — Microsoft (NASDAQ) — TradingView,"View live Microsoft Corp. chart to track its stock's price action. Find market predictions, MSFT financials and market news."
NVDA,NVIDIA Stock Chart — NASDAQ:NVDA Stock Price — TradingView,"View live NVIDIA chart to track its stock's price action. Find market predictions, NVDA financials and market news."
AAPL,Apple Stock Chart — NASDAQ:AAPL Stock Price — TradingView,"View live Apple Inc chart to track its stock's price action. Find market predictions, AAPL financials and market news."
AMZN,Amazon Stock Chart — NASDAQ:AMZN Stock Price — TradingView,"View live Amazon.com chart to track its stock's price action. Find market predictions, AMZN financials and market news."
GOOG,GOOG Stock Price and Chart — NASDAQ:GOOG — TradingView,"View live Alphabet Inc (Google) Class C chart to track its stock's price action. Find market predictions, GOOG financials and market news."
GOOGL,GOOGL Stock Price and Chart — NASDAQ:GOOGL — TradingView,"View live Alphabet Inc (Google) Class A chart to track its stock's price action. Find market predictions, GOOGL financials and market news."
META,META Stock Price — Meta Platforms Chart — TradingView,"View live Meta Platforms chart to track its stock's price action. Find market predictions, META financials and market news."
TSLA,TSLA Stock Price — Tesla Chart — TradingView,"View live Tesla chart to track its stock's price action. Find market predictions, TSLA financials and market news."
BRK.A,BRK.A Stock Price and Chart — NYSE:BRK.A — TradingView,"View live Berkshire Hathaway Inc. chart to track its stock's price action. Find market predictions, BRK.A financials and market news."
BRK.B,BRK.B Stock Price and Chart — NYSE:BRK.B — TradingView,"View live Berkshire Hathaway Inc. New chart to track its stock's price action. Find market predictions, BRK.B financials and market news."
AVGO,AVGO Stock Price and Chart — NASDAQ:AVGO — TradingView,"View live Broadcom Inc. chart to track its stock's price action. Find market predictions, AVGO financials and market news."
TSM,TSM Stock Price — TSMC Chart — TradingView,"An easy way to get Taiwan Semiconductor Manufacturing Company Ltd. real-time prices. View live TSM depositary receipt chart, financials, and market news."
WMT,WMT Stock Price and Chart — NYSE:WMT — TradingView,"View live Walmart Inc. chart to track its stock's price action. Find market predictions, WMT financials and market news."
JPM/PD,JPM/PD Stock Price and Chart — NYSE:JPM/PD — TradingView,"View live J P Morgan Chase & Co Depositary Shares, each representing a 1/400th interest in a share of 5.75% Non-Cumulative Preferred Stock, Series DD chart to track its stock's price action. Find market predictions, JPM/PD financials and market news."
JPM/PJ,JPM/PJ Stock Price and Chart — NYSE:JPM/PJ — TradingView,"View live J P Morgan Chase & Co Depositary Shares, each representing a 1/400th interest in a share of JPMorgan Chase & Co. 4.75% Non-Cumulative Preferred Stock, Series GG chart to track its stock's price action. Find market predictions, JPM/PJ financials and market news."
JPM/PK,JPM/PK Stock Price and Chart — NYSE:JPM/PK — TradingView,"View live J P Morgan Chase & Co Depositary Shares, each representing a 1/400th interest in a share of 4.55% Non-Cumulative Preferred Stock, Series JJ chart to track its stock's price action. Find market predictions, JPM/PK financials and market news."
JPM/PL,JPM/PL Stock Price and Chart — NYSE:JPM/PL — TradingView,"View live J P Morgan Chase & Co Depositary Shares, each representing a 1/400th interest in a share of 4.625% Non-Cumulative Preferred Stock, Series LL chart to track its stock's price action. Find market predictions, JPM/PL financials and market news."
JPM/PM,JPM/PM Stock Price and Chart — NYSE:JPM/PM — TradingView,"View live J P Morgan Chase & Co Depositary Shares, each representing a 1/400th interest in a share of 4.20% Non-Cumulative Preferred Stock, Series MM chart to track its stock's price action. Find market predictions, JPM/PM financials and market news."
JPM,JPM Stock Price and Chart — NYSE:JPM — TradingView,"View live JP Morgan Chase chart to track its stock's price action. Find market predictions, JPM financials and market news."
JPM/PC,JPM/PC Stock Price and Chart — NYSE:JPM/PC — TradingView,"View live J P Morgan Chase & Co Depositary Shares, each representing a 1/400th interest in a share of 6.00% Non-Cumulative Preferred Stock, Series EE chart to track its stock's price action. Find market predictions, JPM/PC financials and market news."
V,Visa Stock Price and Chart — NYSE:V — TradingView,"View live Visa chart to track its stock's price action. Find market predictions, V financials and market news."
LLY,LLY Stock Price and Chart — NYSE:LLY — TradingView,"View live Eli Lilly and Company chart to track its stock's price action. Find market predictions, LLY financials and market news."
TCEHY,TCEHY Stock Price and Chart — OTC:TCEHY — TradingView,"An easy way to get Tencent Holding Ltd. real-time prices. View live TCEHY depositary receipt chart, financials, and market news."
TCTZF,TCTZF Stock Price and Chart — OTC:TCTZF — TradingView,"View live Tencent Holding Ltd. chart to track its stock's price action. Find market predictions, TCTZF financials and market news."
MA,Mastercard Stock Price and Chart — NYSE:MA — TradingView,"View live Mastercard Incorporated chart to track its stock's price action. Find market predictions, MA financials and market news."
NFLX,Netflix Stock Chart — NASDAQ:NFLX Stock Price — TradingView,"View live Netflix, Inc. chart to track its stock's price action. Find market predictions, NFLX financials and market news."
COST,COST Stock Price and Chart — NASDAQ:COST — TradingView,"View live Costco Wholesale chart to track its stock's price action. Find market predictions, COST financials and market news."
XOM,Exxon Mobil Stock Price and Chart — NYSE:XOM — TradingView,"View live Exxon Mobil chart to track its stock's price action. Find market predictions, XOM financials and market news."
ORCL,ORCL Stock Price and Chart — NYSE:ORCL — TradingView,"View live Oracle Corporation chart to track its stock's price action. Find market predictions, ORCL financials and market news."
PG,PG Stock Price and Chart — NYSE:PG — TradingView,"View live Procter & Gamble Company (The) chart to track its stock's price action. Find market predictions, PG financials and market news."
JNJ,JNJ Stock Price and Chart — NYSE:JNJ — TradingView,"View live Johnson & Johnson chart to track its stock's price action. Find market predictions, JNJ financials and market news."
HD,HD Stock Price and Chart — NYSE:HD — TradingView,"View live Home Depot, Inc. (The) chart to track its stock's price action. Find market predictions, HD financials and market news."
SAPGF,SAPGF Stock Price and Chart — OTC:SAPGF — TradingView,"View live SAP SE chart to track its stock's price action. Find market predictions, SAPGF financials and market news."
SAP,SAP Stock Price and Chart — XETR:SAP — TradingView,"View live SAP SE O.N. chart to track its stock's price action. Find market predictions, SAP financials and market news."
IDCBY,IDCBY Stock Price and Chart — OTC:IDCBY — TradingView,"An easy way to get Industrial and Commercial Bank of China Ltd. real-time prices. View live IDCBY depositary receipt chart, financials, and market news."
BAC/PP,BAC/PP Stock Price and Chart — NYSE:BAC/PP — TradingView,"View live Bank of America Corporation Depositary Shares, each representing a 1/1,000th interest in a share of 4.125% Non-Cumulative Preferred Stock, Series PP chart to track its stock's price action. Find market predictions, BAC/PP financials and market news."
BML/PJ,BML/PJ Stock Price and Chart — NYSE:BML/PJ — TradingView,"View live Bank of America Corporation Depositary Shares (Each representing a 1/1200th interest in a Share of Floating Rate Non-Cumulative Pref chart to track its stock's price action. Find market predictions, BML/PJ financials and market news."
BML/PH,BML/PH Stock Price and Chart — NYSE:BML/PH — TradingView,"View live Bank of America Corporation Depositary Shares (Each representing a 1/1200th interest in a Share of Floating Rate Non-Cumulative Pref chart to track its stock's price action. Find market predictions, BML/PH financials and market news."
BML/PG,BML/PG Stock Price and Chart — NYSE:BML/PG — TradingView,"View live Bank of America Corporation Depositary Shares (Each representing a 1/1200th interest in a share of Floating Rate Non-Cumulative Preferred Stock , Series 1) chart to track its stock's price action. Find market predictions, BML/PG financials and market news."
BAC/PQ,BAC/PQ Stock Price and Chart — NYSE:BAC/PQ — TradingView,"View live Bank of America Corporation Depositary shares, each representing 1/1,000th interest in a share of 4.250% Non-Cumulative Preferred Stock, Series QQ chart to track its stock's price action. Find market predictions, BAC/PQ financials and market news."
BAC/PM,BAC/PM Stock Price and Chart — NYSE:BAC/PM — TradingView,"View live Bank of America Corporation Depositary Shares, each representing a 1/1,000th interest in a share of 5.375% Non-Cumulative Preferred Stock, Series KK chart to track its stock's price action. Find market predictions, BAC/PM financials and market news."
BAC/PS,BAC/PS Stock Price and Chart — NYSE:BAC/PS — TradingView,"View live Bank of America Corporation Depositary shares, each representing 1/1,000th interest in a share of 4.750% Non-Cumulative Preferred Stock, Series SS chart to track its stock's price action. Find market predictions, BAC/PS financials and market news."
MER/PK,MER/PK Stock Price and Chart — NYSE:MER/PK — TradingView,"View live Bank of America Corporation Income Capital Obligation Notes initially due December 15, 2066 chart to track its stock's price action. Find market predictions, MER/PK financials and market news."
BAC/PN,BAC/PN Stock Price and Chart — NYSE:BAC/PN — TradingView,"View live Bank of America Corporation Depositary shares, each representing 1/1,000th interest in a share of 5.000% Non-Cumulative Preferred Stock, Series LL chart to track its stock's price action. Find market predictions, BAC/PN financials and market news."
BAC/PO,,
BAC/PL,BAC/PL Stock Price and Chart — NYSE:BAC/PL — TradingView,"View live Bank of America Corporation Non Cumulative Perpetual Conv Pfd Ser L chart to track its stock's price action. Find market predictions, BAC/PL financials and market news."
BML/PL,BML/PL Stock Price and Chart — NYSE:BML/PL — TradingView,"View live Bank of America Corporation Depositary Shares (Each representing a 1/1200th Interest in a Share of Floating Rate Non-Cumulative Pref chart to track its stock's price action. Find market predictions, BML/PL financials and market news."
BAC/PE,BAC/PE Stock Price and Chart — NYSE:BAC/PE — TradingView,"View live Bank of America Corporation Depositary Sh repstg 1/1000th Perp Pfd Ser E chart to track its stock's price action. Find market predictions, BAC/PE financials and market news."
BAC/PB,BAC/PB Stock Price and Chart — NYSE:BAC/PB — TradingView,"View live Bank of America Corporation Depositary Shares, each representing a 1/1,000th interest in a share of 6.000% Non-Cumulative Preferred Stock, Series GG chart to track its stock's price action. Find market predictions, BAC/PB financials and market news."
BAC/PK,BAC/PK Stock Price and Chart — NYSE:BAC/PK — TradingView,"View live Bank of America Corporation Depositary Shares, each representing a 1/1,000th interest in a share of 5.875% Non- Cumulative Preferred Stock, Series HH chart to track its stock's price action. Find market predictions, BAC/PK financials and market news."
BAC,BAC Stock Price and Chart — NYSE:BAC — TradingView,"View live Bank of America chart to track its stock's price action. Find market predictions, BAC financials and market news."
ABBV,ABBV Stock Price and Chart — NYSE:ABBV — TradingView,"View live AbbVie Inc. chart to track its stock's price action. Find market predictions, ABBV financials and market news."
KO,Coca-Cola Stock Price — KO Chart — TradingView,"View live Coca-Cola Company (The) chart to track its stock's price action. Find market predictions, KO financials and market news."
IDCBF,,
NVO,NVO Stock Price and Chart — NYSE:NVO — TradingView,"An easy way to get Novo Nordisk A/S real-time prices. View live NVO depositary receipt chart, financials, and market news."
NONOF,NONOF Stock Price and Chart — OTC:NONOF — TradingView,"View live Novo-Nordisk A/S chart to track its stock's price action. Find market predictions, NONOF financials and market news."
PLTR,PLTR Stock Price — Palantir Technologies Stock Chart — TradingView,"View live Palantir Technologies Inc. chart to track its stock's price action. Find market predictions, PLTR financials and market news."
BABA,BABA Stock Price and Chart — TradingView,"An easy way to get Alibaba Group Holdings Ltd. real-time prices. View live BABA depositary receipt chart, financials, and market news."
BABAF,BABAF Stock Price and Chart — OTC:BABAF — TradingView,"View live Alibaba Group Holding Limited chart to track its stock's price action. Find market predictions, BABAF financials and market news."
ASMLF,ASMLF Stock Price and Chart — OTC:ASMLF — TradingView,"View live ASML Holding N.V. chart to track its stock's price action. Find market predictions, ASMLF financials and market news."
HESAF,HESAF Stock Price and Chart — OTC:HESAF — TradingView,"View live Hermes International SA chart to track its stock's price action. Find market predictions, HESAF financials and market news."
ASML,ASML Stock Price and Chart — NASDAQ:ASML — TradingView,"An easy way to get ASML Holding N.V. - New York Registry Shares real-time prices. View live ASML depositary receipt chart, financials, and market news."
HESAY,HESAY Stock Price and Chart — OTC:HESAY — TradingView,"An easy way to get Hermes International SA real-time prices. View live HESAY depositary receipt chart, financials, and market news."
PM,PM Stock Price and Chart — NYSE:PM — TradingView,"View live Philip Morris International Inc chart to track its stock's price action. Find market predictions, PM financials and market news."
TMUS,TMUS Stock Price and Chart — NASDAQ:TMUS — TradingView,"View live T-Mobile US, Inc. chart to track its stock's price action. Find market predictions, TMUS financials and market news."
LVMHF,LVMHF Stock Price and Chart — OTC:LVMHF — TradingView,"View live LVMH-Moet Hennessy Louis Vuitton chart to track its stock's price action. Find market predictions, LVMHF financials and market news."
NSRGF,NSRGF Stock Price and Chart — OTC:NSRGF — TradingView,"View live Nestle S.A. chart to track its stock's price action. Find market predictions, NSRGF financials and market news."
LVMUY,LVMUY Stock Price and Chart — OTC:LVMUY — TradingView,"An easy way to get LVMH-Moet Hennessy Louis Vuitton real-time prices. View live LVMUY depositary receipt chart, financials, and market news."
NSRGY,NSRGY Stock Price and Chart — OTC:NSRGY — TradingView,"An easy way to get Nestle S.A. real-time prices. View live NSRGY depositary receipt chart, financials, and market news."
UNH,UNH Stock Price and Chart — NYSE:UNH — TradingView,"View live UnitedHealth Group Incorporated chart to track its stock's price action. Find market predictions, UNH financials and market news."
ACGBY,ACGBY Stock Price and Chart — OTC:ACGBY — TradingView,"An easy way to get Agricultural Bank of China real-time prices. View live ACGBY depositary receipt chart, financials, and market news."
CRM,"Salesforce Stock Price, Chart, and Market Cap — NYSE:CRM — TradingView","View live Salesforce chart to track its stock's price action. Find market predictions, CRM financials and market news."
RHHVF,RHHVF Stock Price and Chart — OTC:RHHVF — TradingView,"View live Roche Holding Ltd chart to track its stock's price action. Find market predictions, RHHVF financials and market news."
RHHBY,RHHBY Stock Price and Chart — OTC:RHHBY — TradingView,"An easy way to get Roche Holding Ltd real-time prices. View live RHHBY depositary receipt chart, financials, and market news."
RHHBF,RHHBF Stock Price and Chart — OTC:RHHBF — TradingView,"View live Roche Holding Ltd chart to track its stock's price action. Find market predictions, RHHBF financials and market news."
CSCO,CSCO Stock Price and Chart — NASDAQ:CSCO — TradingView,"View live Cisco Systems, Inc. chart to track its stock's price action. Find market predictions, CSCO financials and market news."
GE,GE Stock Price and Chart — NYSE:GE — TradingView,"View live GE Aerospace chart to track its stock's price action. Find market predictions, GE financials and market news."
ACGBF,ACGBF Stock Price and Chart — OTC:ACGBF — TradingView,"View live Agricultural Bank of China chart to track its stock's price action. Find market predictions, ACGBF financials and market news."
IBM,IBM Stock Price and Chart — NYSE:IBM — TradingView,"View live International Business Machines Corporation chart to track its stock's price action. Find market predictions, IBM financials and market news."
TOYOF,TOYOF Stock Price and Chart — OTC:TOYOF — TradingView,"View live Toyota Motor Corp. chart to track its stock's price action. Find market predictions, TOYOF financials and market news."
CVX,CVX Stock Price and Chart — NYSE:CVX — TradingView,"View live Chevron Corporation chart to track its stock's price action. Find market predictions, CVX financials and market news."
TM,TM Stock Price and Chart — NYSE:TM — TradingView,"An easy way to get Toyota Motor Corporation real-time prices. View live TM depositary receipt chart, financials, and market news."
WFC,WFC Stock Price and Chart — NYSE:WFC — TradingView,"View live Wells Fargo & Company chart to track its stock's price action. Find market predictions, WFC financials and market news."
WFCNP,WFCNP Stock Price and Chart — OTC:WFCNP — TradingView,"View live Wells Fargo & Co. chart to track its stock's price action. Find market predictions, WFCNP financials and market news."
WFC/PD,WFC/PD Stock Price and Chart — NYSE:WFC/PD — TradingView,"View live Wells Fargo & Company Depositary Shares, each representing a 1/1,000th interest in a share of Non-Cumulative Perpetual chart to track its stock's price action. Find market predictions, WFC/PD financials and market news."
WFC/PC,WFC/PC Stock Price and Chart — NYSE:WFC/PC — TradingView,"View live Wells Fargo & Company Depositary Shares, each representing a 1/1,000th interest in a share of Non-Cumulative Perpetual chart to track its stock's price action. Find market predictions, WFC/PC financials and market news."
WFC/PL,WFC/PL Stock Price and Chart — NYSE:WFC/PL — TradingView,"View live Wells Fargo & Company 7.50% Non-Cumulative Perpetual Convertible chart to track its stock's price action. Find market predictions, WFC/PL financials and market news."
WFC/PY,WFC/PY Stock Price and Chart — NYSE:WFC/PY — TradingView,"View live Wells Fargo & Company Depositary Shares, each representing a 1/1,000th interest in a share of Non-Cumulative Perpetual chart to track its stock's price action. Find market predictions, WFC/PY financials and market news."
WFC/PA,WFC/PA Stock Price and Chart — NYSE:WFC/PA — TradingView,"View live Wells Fargo & Company Depositary Shares, each representing a 1/1,000th interest in a share of Non-Cumulative Perpetual chart to track its stock's price action. Find market predictions, WFC/PA financials and market news."
WFC/PZ,WFC/PZ Stock Price and Chart — NYSE:WFC/PZ — TradingView,"View live Wells Fargo & Company Depositary Shares, each representing a 1/1,000th interest in a share of Non-Cumulative Perpetual chart to track its stock's price action. Find market predictions, WFC/PZ financials and market news."
ABT,ABT Stock Price and Chart — NYSE:ABT — TradingView,"View live Abbott Laboratories chart to track its stock's price action. Find market predictions, ABT financials and market news."
CICHY,CICHY Stock Price and Chart — OTC:CICHY — TradingView,"An easy way to get China Construction Bank Corp. real-time prices. View live CICHY depositary receipt chart, financials, and market news."
MCD,McDonald's Stock Price and Chart — TradingView,"View live McDonald's Corporation chart to track its stock's price action. Find market predictions, MCD financials and market news."
CICHF,CICHF Stock Price and Chart — OTC:CICHF — TradingView,"View live China Construction Bank Corp. chart to track its stock's price action. Find market predictions, CICHF financials and market news."
LRLCY,LRLCY Stock Price and Chart — OTC:LRLCY — TradingView,"An easy way to get L'Oreal Co. real-time prices. View live LRLCY depositary receipt chart, financials, and market news."
AZNCF,AZNCF Stock Price and Chart — OTC:AZNCF — TradingView,"View live AstraZeneca Plc chart to track its stock's price action. Find market predictions, AZNCF financials and market news."
LRLCF,LRLCF Stock Price and Chart — OTC:LRLCF — TradingView,"View live L'Oreal Co. chart to track its stock's price action. Find market predictions, LRLCF financials and market news."
AZN,AZN Stock Price and Chart — NASDAQ:AZN — TradingView,"An easy way to get AstraZeneca PLC real-time prices. View live AZN depositary receipt chart, financials, and market news."
LIN,LIN Stock Price and Chart — NASDAQ:LIN — TradingView,"View live Linde plc chart to track its stock's price action. Find market predictions, LIN financials and market news."
BACHY,BACHY Stock Price and Chart — OTC:BACHY — TradingView,"An easy way to get Bank of China, Ltd. real-time prices. View live BACHY depositary receipt chart, financials, and market news."
NVS,NVS Stock Price and Chart — NYSE:NVS — TradingView,"An easy way to get Novartis AG real-time prices. View live NVS depositary receipt chart, financials, and market news."
